"Security Name","Symbol Name","Trade Date","Quantity"
"PRAJ INDUSTRIES LTD","PRAJIND","19-Mar-2026","2"
"AARTI INDUSTRIES LTD","AARTIIND","19-Mar-2026","674"
"ARVIND FASHIONS LIMITED","ARVINDFASN","19-Mar-2026","61"
"ASK AUTOMOTIVE LIMITED","ASKAUTOLTD","19-Mar-2026","111"
"BEML LIMITED","BEML","19-Mar-2026","5"
"BIKAJI FOODS INTERN LTD","BIKAJI","19-Mar-2026","123"
"BLS INTL SERVS LTD","BLS","19-Mar-2026","469"
"CARBORUNDUM UNIVERSAL LTD    ","CARBORUNIV","19-Mar-2026","169"
"CARTRADE TECH LIMITED","CARTRADE","19-Mar-2026","62"
"CUPID LIMITED","CUPID","19-Mar-2026","12067"
"CYIENT LIMITED           ","CYIENT","19-Mar-2026","21"
"ECLERX SERVICES LTD ","ECLERX","19-Mar-2026","577"
"ELECON ENG. CO. LTD","ELECON","19-Mar-2026","9"
"FDC LIMITED","FDC","19-Mar-2026","6"
"GRAVITA INDIA LIMITED","GRAVITA","19-Mar-2026","139"
"BILLIONBRAINS GARAGE VN L","GROWW","19-Mar-2026","11490"
"HINDUSTAN COPPER LIMITED","HINDCOPPER","19-Mar-2026","609"
"KRISHNA INST OF MED SCI L","KIMS","19-Mar-2026","114"
"KIRLOSKAR BROTHERS LTD","KIRLOSBROS","19-Mar-2026","35"
"Kalpataru Project In","KPIL","19-Mar-2026","44"
"KRN HEAT EXCHANGE N REF L","KRN","19-Mar-2026","90"
"L&T TECHNOLOGY SER. LTD","LTTS","19-Mar-2026","107"
"ABB POWER PRO N SYS IND L","POWERINDIA","19-Mar-2026","100"
"PTC INDUSTRIES LIMITED","PTCIL","19-Mar-2026","1"
"RELAXO FOOT LTD","RELAXO","19-Mar-2026","1293"
"SAGILITY INDIA LIMITED","SAGILITY","19-Mar-2026","29258"
"THE SOUTH INDIAN BANK LTD","SOUTHBANK","19-Mar-2026","8043"
"TANLA PLATFORMS LIMITED","TANLA","19-Mar-2026","1646"
"TD POWER SYSTEMS LTD.","TDPOWERSYS","19-Mar-2026","424"
"UJJIVAN SMALL FINANC BANK","UJJIVANSFB","19-Mar-2026","46816"
"VARROC ENGINEERING LTD.","VARROC","19-Mar-2026","634"
"WEWORK INDIA MANAGEMENT L","WEWORK","19-Mar-2026","53"
"BANK OF BARODA","BANKBARODA","19-Mar-2026","3520"
"MAZAGON DOCK SHIPBUIL LTD","MAZDOCK","19-Mar-2026","151"
"ETERNAL LIMITED","ETERNAL","19-Mar-2026","1"
"ASIAN PAINTS LIMITED","ASIANPAINT","19-Mar-2026","501"
"YES BANK LIMITED","YESBANK","19-Mar-2026","82"
"BHARAT ELECTRONICS LTD","BEL","19-Mar-2026","1488"
"NMDC LTD.","NMDC","19-Mar-2026","6750"
"WAAREE ENERGIES LIMITED","WAAREEENER","19-Mar-2026","292"
"KARUR VYSYA BANK LIMITED","KARURVYSYA","19-Mar-2026","1"
"FORTIS HEALTHCARE (I) LTD","FORTIS","19-Mar-2026","100"
"KALYAN JEWELLERS IND LTD","KALYANKJIL","19-Mar-2026","50"
"NATIONAL BUILDINGS LTD   ","NBCC","19-Mar-2026","3"
"JIO FIN SERVICES LTD","JIOFIN","19-Mar-2026","2347"
"COFORGE LIMITED","COFORGE","19-Mar-2026","15"
"MARUTI SUZUKI INDIA LTD.","MARUTI","19-Mar-2026","1"
"PERSISTENT SYSTEMS LTD","PERSISTENT","19-Mar-2026","50"
"SHREE CEMENTS LTD","SHREECEM","19-Mar-2026","2200"
"SUPREME INDUSTRIES LTD","SUPREMEIND","19-Mar-2026","2800"
"DATA PATTERNS INDIA LTD","DATAPATTNS","19-Mar-2026","588"
"ADITYA BIRLA FASHION & RT","ABFRL","19-Mar-2026","11484"
"AIA ENGINEERING LIMITED","AIAENG","19-Mar-2026","18"
"ATUL LTD","ATUL","19-Mar-2026","26"
"BIRLA CORPORATION LTD","BIRLACORPN","19-Mar-2026","166"
"BLUE DART EXPRESS LTD    ","BLUEDART","19-Mar-2026","3"
"COMPUTER AGE MGMT SER LTD","CAMS","19-Mar-2026","7500"
"CENTURY PLYBOARDS (I) LTD","CENTURYPLY","19-Mar-2026","47"
"CRISIL LIMITED","CRISIL","19-Mar-2026","16"
"D B REALTY LIMITED","DBREALTY","19-Mar-2026","2070"
"EMCURE PHARMACEUTICALS L","EMCURE","19-Mar-2026","176"
"GODFREY PHILLIPS INDIA LT","GODFRYPHLP","19-Mar-2026","7"
"INDEGENE LIMITED","INDGN","19-Mar-2026","333"
"ITC HOTELS LIMITED","ITCHOTELS","19-Mar-2026","10115"
"JAI BALAJI INDUSTRIES LTD","JAIBALAJI","19-Mar-2026","966"
"JSL Limited","JSL","19-Mar-2026","11"
"JUBLINGREA","JUBLINGREA","19-Mar-2026","215"
"LLOYDS ENTERPRISES LTD","LLOYDSENT","19-Mar-2026","2240"
"IDFC FIRST BANK LIMI","IDFCFIRSTB","19-Mar-2026","2"
"NATIONAL ALUMINIUM CO LTD","NATIONALUM","19-Mar-2026","400"
"NEULAND LAB LTD.","NEULANDLAB","19-Mar-2026","27"
"NMDC STEEL LIMITED","NSLNISP","19-Mar-2026","6259"
"OLA ELECTRIC MOBILITY LTD","OLAELEC","19-Mar-2026","101192"
"PRECISION WIRES INDIA LTD","PRECWIRE","19-Mar-2026","657"
"PREMIER ENERGIES LIMITED","PREMIERENE","19-Mar-2026","4125"
"PRIVI SPECIALITY CHE LTD","PRIVISCL","19-Mar-2026","75"
"PUNJAB & SIND BANK","PSB","19-Mar-2026","2394"
"RASHTRIYA CHEMICALS AND FERTILIZERS LIMITED","RCF","19-Mar-2026","111"
"R R KABEL LIMITED","RRKABEL","19-Mar-2026","119"
"SAPPHIRE FOODS INDIA LTD","SAPPHIRE","19-Mar-2026","107"
"SIGNATUREGLOBAL INDIA LTD","SIGNATURE","19-Mar-2026","112"
"SJVN","SJVN","19-Mar-2026","29735"
"SUPRAJIT ENGINEERING LTD","SUPRAJIT","19-Mar-2026","54"
"TIMKEN INDIA LTD.","TIMKEN","19-Mar-2026","6"
"TITAGARH RAIL SYSTEMS","TITAGARH","19-Mar-2026","549"
"TRANSRAIL LIGHTING LTD","TRANSRAILL","19-Mar-2026","1449"
"VIKRAM SOLAR LIMITED","VIKRAMSOLR","19-Mar-2026","5127"
"VINATI ORGANICS LTD","VINATIORGA","19-Mar-2026","2"
"WELSPUN CORP LIMITED","WELCORP","19-Mar-2026","306"
"ZF COM VE CTR SYS IND LTD","ZFCVINDIA","19-Mar-2026","4"
"BANDHAN BANK LIMITED","BANDHANBNK","19-Mar-2026","3600"
"RELIANCE INDUSTRIES LTD","RELIANCE","19-Mar-2026","199"
"TRANS & RECTI. LTD","TARIL","19-Mar-2026","50"
"CHOLAMANDALAM IN & FIN CO","CHOLAFIN","19-Mar-2026","625"
"TORRENT POWER LTD","TORNTPOWER","19-Mar-2026","850"
"FIVE-STAR BUS FIN LTD","FIVESTAR","19-Mar-2026","2"
"BHARTI AIRTEL LIMITED","BHARTIARTL","19-Mar-2026","3"
"ICICI BANK LTD.","ICICIBANK","19-Mar-2026","4"
"HDFC BANK LTD","HDFCBANK","19-Mar-2026","124"
"ADANI TOTAL GAS LIMITED","ATGL","19-Mar-2026","1939"
"ADITYA BIRLA REAL EST LTD","ABREL","19-Mar-2026","1436"
"AEGIS LOGISTICS LIMITED","AEGISLOG","19-Mar-2026","344"
"AUTHUM INVEST & INFRA LTD","AIIL","19-Mar-2026","235"
"ANTHEM BIOSCIENCES LTD","ANTHEM","19-Mar-2026","76"
"AUROBINDO PHARMA LTD","AUROPHARMA","19-Mar-2026","4400"
"BOROSIL RENEWABLES LTD","BORORENEW","19-Mar-2026","1869"
"CAN FIN HOMES LTD        ","CANFINHOME","19-Mar-2026","95"
"CEMINDIA PROJECTS LIMITED","CEMPRO","19-Mar-2026","411"
"COCHIN SHIPYARD LIMITED","COCHINSHIP","19-Mar-2026","929"
"COROMANDEL INTERNTL. LTD ","COROMANDEL","19-Mar-2026","56"
"ADITYA INFOTECH LIMITED","CPPLUS","19-Mar-2026","147"
"DEEPAK FERTILIZERS AND PETROCHEMICALS CORPORATION LIMITED","DEEPAKFERT","19-Mar-2026","540"
"DEEPAK NITRITE LIMITED","DEEPAKNTR","19-Mar-2026","251"
"DODLA DAIRY LIMITED","DODLA","19-Mar-2026","7"
"ENGINEERS INDIA LTD","ENGINERSIN","19-Mar-2026","818"
"GALLANTT ISPAT LIMITED","GALLANTT","19-Mar-2026","28"
"GRANULES INDIA LIMITED   ","GRANULES","19-Mar-2026","177"
"HEG LIMITED","HEG","19-Mar-2026","384"
"INOX GREEN ENERGY SER LTD","INOXGREEN","19-Mar-2026","783"
"IRB INFRA DEV LTD.","IRB","19-Mar-2026","1060"
"JUPITER LIFE LINE HOSP L","JLHL","19-Mar-2026","1"
"KIRLOSENG","KIRLOSENG","19-Mar-2026","33"
"KPRMILL","KPRMILL","19-Mar-2026","770"
"MEDPLUS HEALTH SERV LTD","MEDPLUS","19-Mar-2026","40"
"MEESHO LIMITED","MEESHO","19-Mar-2026","8040"
"NTPC GREEN ENERGY LIMITED","NTPCGREEN","19-Mar-2026","4617"
"NUVOCO VISTAS CORP LTD","NUVOCO","19-Mar-2026","177"
"PCBL LIMITED","PCBL","19-Mar-2026","220"
"PRUDENT CORP ADV SER LTD","PRUDENT","19-Mar-2026","28"
"QUALITY POWER ELEC EQUP L","QPOWER","19-Mar-2026","18"
"STARCEMENT","STARCEMENT","19-Mar-2026","23"
"SUDARSHAN CHEMICAL INDS L","SUDARSCHEM","19-Mar-2026","57"
"TATA TELESERV(MAHARASTRA)","TTML","19-Mar-2026","8657"
"VOLTAMP TRANSFORMERS LTD","VOLTAMP","19-Mar-2026","31"
"WELSPUN LIVING LIMITED","WELSPUNLIV","19-Mar-2026","4378"
"YATHARTH HOSP & TRA C S L","YATHARTH","19-Mar-2026","38"
"ZENSAR TECHNOLOGIES  LTD ","ZENSARTECH","19-Mar-2026","839"
"KPIT TECHNOLOGIES LTD","KPITTECH","19-Mar-2026","5"
"BHARAT PETROLEUM CORP  LT","BPCL","19-Mar-2026","2075"
"TARC LIMITED","TARC","19-Mar-2026","300"
"HINDUSTAN UNILEVER LTD.","HINDUNILVR","19-Mar-2026","300"
"ICICI LOMBARD GENERAL INSURANCE COMPANY LIMITED","ICICIGI","19-Mar-2026","975"
"INDIAN OIL CORP LTD","IOC","19-Mar-2026","4876"
"SAMVRDHNA MTHRSN INT","MOTHERSON","19-Mar-2026","1"
"HINDUSTAN OIL EXPLORATION","HINDOILEXP","19-Mar-2026","100"
"SEPC LIMITED","SEPC","19-Mar-2026","10000"
"CANARA BANK","CANBK","19-Mar-2026","400"
"LODHA","LODHA","19-Mar-2026","30"
"ANGEL ONE LTD","ANGELONE","19-Mar-2026","1200"
"BRITANNIA INDUSTRIES LIMITED","BRITANNIA","19-Mar-2026","1"
"3M INDIA LIMITED","3MINDIA","19-Mar-2026","6"
"ADIT BIRL SUN LIF AMC LTD","ABSLAMC","19-Mar-2026","701"
"ANUPAM RASAYAN INDIA LTD","ANURAS","19-Mar-2026","46"
"ARVIND LIMITED","ARVIND","19-Mar-2026","1015"
"ASTRAZENECA PHARMA IND LT","ASTRAZEN","19-Mar-2026","38"
"AVALON TECHNOLOGIES LTD","AVALON","19-Mar-2026","355"
"CAMPUS ACTIVEWEAR LIMITED","CAMPUS","19-Mar-2026","44"
"CCL PRODUCTS (I) LTD     ","CCL","19-Mar-2026","402"
"CIE AUTOMOTIV","CIEINDIA","19-Mar-2026","55"
"CREDITACCESS GRAMEEN LTD","CREDITACC","19-Mar-2026","139"
"DEVYANI INTERNATIONAL LTD","DEVYANI","19-Mar-2026","7"
"DYNAMATIC TECHNOLOGIES","DYNAMATECH","19-Mar-2026","3"
"GRINDWELL","GRINDWELL","19-Mar-2026","16"
"HEALTHCARE GLOB. ENT. LTD","HCG","19-Mar-2026","5511"
"HEXAWARE TECHNOLOGIES LTD","HEXT","19-Mar-2026","899"
"HOMEFIRST","HOMEFIRST","19-Mar-2026","123"
"IIFL HOLDINGS LIMITED","IIFL","19-Mar-2026","1232"
"IPCA LABORATORIES LIMITED","IPCALAB","19-Mar-2026","104"
"JK LAKSHMI CEMENT LTD    ","JKLAKSHMI","19-Mar-2026","64"
"JUPITER WAGONS LIMITED","JWL","19-Mar-2026","1025"
"KEC INTL. LIMITED        ","KEC","19-Mar-2026","104"
"LATENT VIEW ANALYTICS LTD","LATENTVIEW","19-Mar-2026","668"
"LLOYDS METALS N ENERGY L","LLOYDSME","19-Mar-2026","567"
"IRFC","IRFC","19-Mar-2026","17003"
"MINDA CORPORATION LIMITED","MINDACORP","19-Mar-2026","127"
"NCC LIMITED","NCC","19-Mar-2026","1317"
"PRIME FOCUS LIMITED","PFOCUS","19-Mar-2026","6603"
"PRICOL LIMITED","PRICOLLTD","19-Mar-2026","233"
"RAILTEL","RAILTEL","19-Mar-2026","3348"
"RATEGAIN TRAVEL TECHN LTD","RATEGAIN","19-Mar-2026","295"
"RATNAMANI","RATNAMANI","19-Mar-2026","17"
"SHRIRAM PIST. & RING LTD","SHRIPISTON","19-Mar-2026","52"
"STRIDES ARCOLAB LIMITED","STAR","19-Mar-2026","72"
"TAMILNAD MERCA BANK LTD","TMB","19-Mar-2026","171"
"TRIVENI TURBINE LIMITED","TRITURBINE","19-Mar-2026","155"
"WAAREE RENEWABLE TECH LTD","WAAREERTL","19-Mar-2026","1846"
"TEJAS NETWORKS LIMITED","TEJASNET","19-Mar-2026","750"
"KEI INDUSTRIES LTD.      ","KEI","19-Mar-2026","7"
"MANAPPURAM FINANCE LTD","MANAPPURAM","19-Mar-2026","9000"
"MAX FINANCIAL SERV LTD","MFSL","19-Mar-2026","800"
"MAHINDRA & MAHINDRA LTD","M&M","19-Mar-2026","100"
"GLENMARK PHARMACEUTICALS LIMITED","GLENMARK","19-Mar-2026","169"
"HDFC AMC LIMITED","HDFCAMC","19-Mar-2026","600"
"MPHASIS LIMITED","MPHASIS","19-Mar-2026","116"
"UNION BANK OF INDIA","UNIONBANK","19-Mar-2026","3"
"OIL AND NATURAL GAS CORP.","ONGC","19-Mar-2026","135"
"PG ELECTROPLAST LTD","PGEL","19-Mar-2026","951"
"SBI CARDS & PAY SER LTD","SBICARD","19-Mar-2026","631"
"EICHER MOTORS LIMITED","EICHERMOT","19-Mar-2026","1"
"MULTI COMMODITY EXCHANGE OF INDIA LIMITED","MCX","19-Mar-2026","75"
"TATA ELXSI LIMITED       ","TATAELXSI","19-Mar-2026","5500"
"AADHAR HOUSING FINANCE L","AADHARHFC","19-Mar-2026","215"
"ACME SOLAR HOLDINGS LTD","ACMESOLAR","19-Mar-2026","77"
"AFCONS INFRASTRUCTURE LTD","AFCONS","19-Mar-2026","41"
"ALEMBIC PHARMA LTD","APLLTD","19-Mar-2026","18"
"BALKRISHNA IND. LTD      ","BALKRISIND","19-Mar-2026","43"
"BALRAMPUR CHINI MILLS LTD","BALRAMCHIN","19-Mar-2026","111"
"CHAMBAL FERTILIZERS LTD","CHAMBLFERT","19-Mar-2026","1583"
"CLEAN SCIENCE & TECH LTD","CLEAN","19-Mar-2026","126"
"DCB BANK LIMITED","DCBBANK","19-Mar-2026","1133"
"EID PARRY INDIA LTD","EIDPARRY","19-Mar-2026","132"
"ERIS LIFESCIENCES LIMITED","ERIS","19-Mar-2026","77"
"GUJARAT MINERAL DEV CORP","GMDCLTD","19-Mar-2026","557"
"GUJARAT PIPAVAV PORT LTD","GPPL","19-Mar-2026","473"
"GARWARE HI-TECH FILMS LTD","GRWRHITECH","19-Mar-2026","123"
"HATSUN AGRO PRODUCT LIMITED","HATSUN","19-Mar-2026","33"
"HONASA CONSUMER LIMITED","HONASA","19-Mar-2026","1302"
"HIMADRI SPECIALITY CHEMICAL LIMITED","HSCL","19-Mar-2026","2723"
"INTELLECT DESIGN ARENA   ","INTELLECT","19-Mar-2026","288"
"JAIN RESOURCE RECYCLING L","JAINREC","19-Mar-2026","7771"
"JINDAL SAW LIMITED","JINDALSAW","19-Mar-2026","784"
"JK PAPER LIMITED","JKPAPER","19-Mar-2026","167"
"JK TYRE & INDUSTRIES LTD","JKTYRE","19-Mar-2026","828"
"JM FINANCIAL LIMITED    ","JMFINANCIL","19-Mar-2026","5970"
"JEENA SIKHO LIFECARE LTD","JSLL","19-Mar-2026","329"
"JSW INFRASTRUCTURE LTD","JSWINFRA","19-Mar-2026","1890"
"JYOTI CNC AUTOMATION LTD","JYOTICNC","19-Mar-2026","726"
"KFIN TECHNOLOGIES LIMITED","KFINTECH","19-Mar-2026","27000"
"KARNATAKA BANK LIMITED","KTKBANK","19-Mar-2026","864"
"LENSKART SOLUTIONS LTD","LENSKART","19-Mar-2026","1334"
"MAHINDRA LIFESPACE DEVLTD","MAHLIFE","19-Mar-2026","56"
"MAHARASHTRA SEAMLESS LTD","MAHSEAMLES","19-Mar-2026","209"
"MANORAMA INDUSTRIES LTD","MANORAMA","19-Mar-2026","22"
"NAZARA TECHNOLOGIES LTD","NAZARA","19-Mar-2026","7777"
"PARADEEP PHOSPHATES LTD","PARADEEP","19-Mar-2026","9885"
"PARAS DEF AND SPCE TECH L","PARAS","19-Mar-2026","35"
"PFIZER LIMITED","PFIZER","19-Mar-2026","23"
"PI INDUSTRIES LTD        ","PIIND","19-Mar-2026","175"
"RHI MAGNESITA INDIA LTD","RHIM","19-Mar-2026","450"
"RITES LIMITED","RITES","19-Mar-2026","1398"
"SHAKTI PUMPS (I) LTD","SHAKTIPUMP","19-Mar-2026","1388"
"SUMITOMO CHEM INDIA LTD","SUMICHEM","19-Mar-2026","137"
"SWAN CORP LIMITED","SWANCORP","19-Mar-2026","2246"
"VENTIVE HOSPITALITY LTD","VENTIVE","19-Mar-2026","7"
"VARDHMAN TEXTILES LIMITED    ","VTL","19-Mar-2026","317"
"ZYDUS WELLNESS LIMITED","ZYDUSWELL","19-Mar-2026","555"
"EMMVEE PHOTOVOLTAIC PWR L","EMMVEE","19-Mar-2026","3609"
"HINDUSTAN ZINC LIMITED","HINDZINC","19-Mar-2026","2"
"360 ONE WAM LIMITED","360ONE","19-Mar-2026","150"
"KAYNES TECHNOLOGY IND LTD","KAYNES","19-Mar-2026","500"
"WESTLIFE DEVELOPMENT LIMITED","WESTLIFE","19-Mar-2026","200"
"ASHOK LEYLAND LTD","ASHOKLEY","19-Mar-2026","3"
"ASTRAL POLY TECHNIK LIMITED","ASTRAL","19-Mar-2026","5"
"TATA STEEL LIMITED","TATASTEEL","19-Mar-2026","21"
"BELRISE INDUSTRIES LTD","BELRISE","19-Mar-2026","1"
"RVNL","RVNL","19-Mar-2026","12250"
"SIEMENS LTD","SIEMENS","19-Mar-2026","1"
"OIL INDIA LTD","OIL","19-Mar-2026","4350"
"JBM AUTO LIMITED","JBMA","19-Mar-2026","447"
"COALINDIA","COALINDIA","19-Mar-2026","23519"
"HOUSING & URBAN DEVELOPMENT CORPORATION LIMITED","HUDCO","19-Mar-2026","1400"
"GOLDMAN SACHS NIFTY EXCHANGE TRADED SCHEME","NIFTYBEES","19-Mar-2026","100"
"GUJARAT GAS LIMITED","GUJGASLTD","19-Mar-2026","6532"
"AARTI PHARMALABS LIMITED","AARTIPHARM","19-Mar-2026","8"
"ADANI GREEN ENERGY LTD","ADANIGREEN","19-Mar-2026","3600"
"AEQUS LIMITED","AEQUS","19-Mar-2026","302"
"ALOKINDS","ALOKINDS","19-Mar-2026","4701"
"MRS BECTORS FOOD SPE LTD","BECTORFOOD","19-Mar-2026","1345"
"ZINKA LOGISTICS SOL LTD","BLACKBUCK","19-Mar-2026","1028"
"CEAT LIMITED","CEATLTD","19-Mar-2026","131"
"CHALET HOTELS LIMITED","CHALET","19-Mar-2026","253"
"CROMPT GREA CON ELEC LTD  ","CROMPTON","19-Mar-2026","1800"
"CSBBANK","CSBBANK","19-Mar-2026","2294"
"EDELWEISS FIN SERV LTD","EDELWEISS","19-Mar-2026","1954"
"EPL","EPL","19-Mar-2026","837"
"ETHOS LIMITED","ETHOSLTD","19-Mar-2026","13"
"FIEM INDUSTRIES LIMITED","FIEMIND","19-Mar-2026","4"
"GABRIEL INDIA LTD","GABRIEL","19-Mar-2026","468"
"GAEL","GAEL","19-Mar-2026","334"
"GODREJ INDUSTRIES LTD","GODREJIND","19-Mar-2026","6"
"HBL ENGINEERING LTD","HBLENGINE","19-Mar-2026","1676"
"HIMACHAL FUTURISTIC COMMUNICATIONS LIMITED","HFCL","19-Mar-2026","54170"
"IFCI LTD","IFCI","19-Mar-2026","8297"
"IIFL CAPITAL SERVICES LTD","IIFLCAPS","19-Mar-2026","178"
"J B CHEMICALS AND PHARMA ","JBCHEPHARM","19-Mar-2026","54"
"JUBLPHARMA","JUBLPHARMA","19-Mar-2026","32"
"KSB","KSB","19-Mar-2026","294"
"LMW LIMITED","LMW","19-Mar-2026","3"
"MOTILAL OSWAL FIN LTD   ","MOTILALOFS","19-Mar-2026","22"
"NUVAMA WEALTH MANAGE LTD","NUVAMA","19-Mar-2026","4500"
"PEARL GLOBAL IND LIMITED","PGIL","19-Mar-2026","42"
"THE PHOENIX MILLS LIMITED","PHOENIXLTD","19-Mar-2026","350"
"RELIGARE ENTERPRISES LIMITED","RELIGARE","19-Mar-2026","1030"
"RELIANCE POWER LTD.","RPOWER","19-Mar-2026","124977"
"SAI LIFE SCIENCES LIMITED","SAILIFE","19-Mar-2026","403"
"SHILPA MEDICARE LTD","SHILPAMED","19-Mar-2026","148"
"TATA TECHNOLOGIES LIMITED","TATATECH","19-Mar-2026","12000"
"THYROCARE TECH LTD","THYROCARE","19-Mar-2026","228"
"TIME TECHNOPLAST LIMITED","TIMETECHNO","19-Mar-2026","2575"
"UNITED BREWERIES LIMITED","UBL","19-Mar-2026","28"
"UCO BANK","UCOBANK","19-Mar-2026","3299"
"UTI ASSET MNGMT CO LTD","UTIAMC","19-Mar-2026","128"
"WOCKHARDT LIMITED","WOCKPHARMA","19-Mar-2026","283"
"ZEN TECHNOLOGIES LIMITED","ZENTEC","19-Mar-2026","723"
"BAJAJ HINDUSTAN LTD","BAJAJHIND","19-Mar-2026","4200"
"INDIAN RENEWABLE ENERGY","IREDA","19-Mar-2026","750"
"GMR AIRPORTS LIMITED","GMRAIRPORT","19-Mar-2026","1314"
"MIRAEAMC - METAL","METAL","19-Mar-2026","10"
"WIPRO LTD","WIPRO","19-Mar-2026","2"
"VEDANTA LIMITED","VEDL","19-Mar-2026","67"
"NEWGEN","NEWGEN","19-Mar-2026","100"
"RAYMOND REALTY LIMITED","RAYMONDREL","19-Mar-2026","500"
"HCL TECHNOLOGIES LTD","HCLTECH","19-Mar-2026","1050"
"BAJAJ FINANCE LIMITED","BAJFINANCE","19-Mar-2026","20"
"ONE 97 COMMUNICATIONS LTD","PAYTM","19-Mar-2026","1"
"STATE BANK OF INDIA","SBIN","19-Mar-2026","644"
"SUZLON ENERGY LIMITED","SUZLON","19-Mar-2026","1795"
"ADANI ENTERPRISES LIMITED","ADANIENT","19-Mar-2026","14214"
"ARCHEAN CHEMICAL IND LTD","ACI","19-Mar-2026","9"
"ADANI ENERGY SOLUTION LTD","ADANIENSOL","19-Mar-2026","8775"
"ALIVUS LIFE SCIENCES LTD","ALIVUS","19-Mar-2026","676"
"ALKYL AMINES CHEM. LTD","ALKYLAMINE","19-Mar-2026","138"
"AMARA RAJA ENERGY MOB","ARE&M","19-Mar-2026","193"
"ADANI WILMAR LIMITED","AWL","19-Mar-2026","9566"
"AZAD ENGINEERING LIMITED","AZAD","19-Mar-2026","104"
"BAJAJ HOUSING FINANCE LTD","BAJAJHFL","19-Mar-2026","10530"
"BLUE STAR LIMITED","BLUESTARCO","19-Mar-2026","325"
"CELLO WORLD LIMITED","CELLO","19-Mar-2026","936"
"SIEMENS ENERGY INDIA LTD","ENRIN","19-Mar-2026","236"
"EQUITASBNK","EQUITASBNK","19-Mar-2026","2583"
"FIRSTSOURCE SOLU. LTD.","FSL","19-Mar-2026","1918"
"GENERAL INSURANCE CORPORATION OF INDIA","GICRE","19-Mar-2026","123"
"GO DIGIT GENERAL INS LTD","GODIGIT","19-Mar-2026","1"
"GUJARAT STATE PETRO LTD","GSPL","19-Mar-2026","1284"
"INOX INDIA LIMITED","INOXINDIA","19-Mar-2026","130"
"J & K BANK LTD.","J&KBANK","19-Mar-2026","6758"
"KRBL LIMITED","KRBL","19-Mar-2026","15"
"DR. LAL PATH LABS LTD.","LALPATHLAB","19-Mar-2026","71"
"ITC LTD","ITC","19-Mar-2026","370"
"MAHINDRA & MAHINDRA FINANCIAL SERVICES LIMITED","M&MFIN","19-Mar-2026","2189"
"VEDANT FASHIONS LIMITED","MANYAVAR","19-Mar-2026","736"
"NATCO PHARMA LIMITED","NATCOPHARM","19-Mar-2026","219"
"NARAYANA HRUDAYALAYA LTD.","NH","19-Mar-2026","254"
"PINE LABS LIMITED","PINELABS","19-Mar-2026","522"
"POONAWALLA FINCORP LTD","POONAWALLA","19-Mar-2026","2385"
"POWER MECH PROJECTS LTD.","POWERMECH","19-Mar-2026","706"
"PHYSICSWALLAH LIMITED","PWL","19-Mar-2026","12089"
"RUBICON RESEARCH LIMITED","RUBICON","19-Mar-2026","93"
"SAFARI IND (INDIA) LTD","SAFARI","19-Mar-2026","95"
"SHARDA CROPCHEM LTD.","SHARDACROP","19-Mar-2026","172"
"SUN TV NETWORK LIMITED","SUNTV","19-Mar-2026","176"
"THANGAMAYIL JEWELLERY LTD","THANGAMAYL","19-Mar-2026","112"
"TRIDENT LIMITED","TRIDENT","19-Mar-2026","2939"
"USHA MARTIN LTD.","USHAMART","19-Mar-2026","567"
"WHIRLPOOL OF INDIA LTD   ","WHIRLPOOL","19-Mar-2026","74"
"ZEE ENTERTAINMENT ENT LTD","ZEEL","19-Mar-2026","7196"
"BSE LIMITED","BSE","19-Mar-2026","100"
"MOIL LIMITED     ","MOIL","19-Mar-2026","100"
"HIND RECTIFIER LIMITED","HIRECT","19-Mar-2026","21"
"CONTAINER CORP OF IND LTD","CONCOR","19-Mar-2026","1250"
"MOTILALAMC - MOQUALITY","MOQUALITY","19-Mar-2026","2"
"TITAN INDUSTRIES LTD","TITAN","19-Mar-2026","175"
"BHEL","BHEL","19-Mar-2026","5825"
"RAYMOND LIMITED","RAYMOND","19-Mar-2026","500"
"CIPLA LTD","CIPLA","19-Mar-2026","3"
"IDEA CELLULAR LIMITED","IDEA","19-Mar-2026","1"
"NHPC LTD","NHPC","19-Mar-2026","1200"
"VARUN BEVERAGES LIMITED    ","VBL","19-Mar-2026","100"
"PRAKASH INDUSTRIES LIMITED","PRAKASH","19-Mar-2026","4"
"DIXON TECHNO (INDIA) LTD","DIXON","19-Mar-2026","3201"
"Oracle Financial Services Software Limited","OFSS","19-Mar-2026","600"
"ADITYA BIRLA LIFES BRAN L","ABLBL","19-Mar-2026","1103"
"ANANT RAJ LIMITED","ANANTRAJ","19-Mar-2026","55"
"ASTRAMICRO","ASTRAMICRO","19-Mar-2026","300"
"ATHER ENERGY LIMITED","ATHERENERG","19-Mar-2026","1186"
"BRIGADE ENTER. LTD","BRIGADE","19-Mar-2026","420"
"CERA","CERA","19-Mar-2026","34"
"CONCORD BIOTECH LIMITED","CONCORDBIO","19-Mar-2026","175"
"GARWARE TECH FIBRES LTD","GARFIBRES","19-Mar-2026","19"
"GODREJ AGROVET LIMITED","GODREJAGRO","19-Mar-2026","71"
"GOKUL AGRO RESOURCES LTD","GOKULAGRO","19-Mar-2026","5191"
"GARDEN REACH SHIP&ENG LTD","GRSE","19-Mar-2026","642"
"HAPPIEST MINDS TECHNO LTD","HAPPSTMNDS","19-Mar-2026","2232"
"HONEYWELL AUTOMATION IND","HONAUT","19-Mar-2026","6"
"THE INDIA CEMENTS LIMITED","INDIACEM","19-Mar-2026","34"
"INDIAMART INTERMESH LTD","INDIAMART","19-Mar-2026","126"
"INDIA SHELTER FIN CORP L","INDIASHLTR","19-Mar-2026","140"
"LE TRAVENUES TECHNOLOGY L","IXIGO","19-Mar-2026","3430"
"JAIPRAKASH POWER VEN. LTD","JPPOWER","19-Mar-2026","14857"
"KAJARIA CERAMICS LTD     ","KAJARIACER","19-Mar-2026","36"
"LT FOODS LIMITED","LTFOODS","19-Mar-2026","324"
"MOTHERSON SUMI WRNG IND L","MSUMI","19-Mar-2026","10781"
"MTAR TECHNOLOGIES LIMITED","MTARTECH","19-Mar-2026","10"
"NIPPON L I A M LTD","NAM-INDIA","19-Mar-2026","232"
"NESCO LTD","NESCO","19-Mar-2026","11"
"ONESOURCE SPECL PHARMA L","ONESOURCE","19-Mar-2026","179"
"PC JEWELLER LTD          ","PCJEWELLER","19-Mar-2026","85905"
"PIRAMAL FINANCE LIMITED","PIRAMALFIN","19-Mar-2026","2258"
"SAREGAMA INDIA LIMITED","SAREGAMA","19-Mar-2026","138"
"SOBHA DEVELOPERS LTD","SOBHA","19-Mar-2026","46"
"SONATA SOFTWARE LIMITED","SONATSOFTW","19-Mar-2026","238"
"SYRMA SGS TECHNOLOGY LTD","SYRMA","19-Mar-2026","3451"
"TBO TEK LIMITED","TBOTEK","19-Mar-2026","27"
"TEGA INDUSTRIES LIMITED","TEGA","19-Mar-2026","6"
"TIPS MUSIC LIMITED","TIPSMUSIC","19-Mar-2026","56"
"V2 RETAIL LIMITED","V2RETAIL","19-Mar-2026","13"
"VISHAL MEGA MART LIMITED","VMM","19-Mar-2026","22937"
"TATA POWER CO LTD","TATAPOWER","19-Mar-2026","555"
"RBL BANK LIMITED    ","RBLBANK","19-Mar-2026","9525"
"ANAND RATHI WEALTH LTD","ANANDRATHI","19-Mar-2026","1"
"INDIAN ENERGY EXCHANGE LIMITED","IEX","19-Mar-2026","1500"
"INDIAN BANK","INDIANB","19-Mar-2026","33"
"AVENUE SUPERMARTS LIMITED","DMART","19-Mar-2026","15"
"LIC HOUSING FINANCE LTD","LICHSGFIN","19-Mar-2026","9000"
"PATANJALI FOODS LIMITED","PATANJALI","19-Mar-2026","750"
"NTPC LTD","NTPC","19-Mar-2026","358"
